version,elapsed_time,maze_size,n_particles,generation_seed,solution_seed,maze_image_path
sequential,2614.78,51,10000,3934329779,968699857,"/home/scrayil/Desktop/dev/University/projects/PPFML/RandomMazeSolver/results/mazes/sequential_23-05-19T17:19:35_968699857.txt"
parallel,285.342,51,10000,3934329779,968699857,"/home/scrayil/Desktop/dev/University/projects/PPFML/RandomMazeSolver/results/mazes/parallel_23-05-19T17:19:35_968699857.txt"
sequential,733.034,51,10000,1605233606,4203262573,"/home/scrayil/Desktop/dev/University/projects/PPFML/RandomMazeSolver/results/mazes/sequential_23-05-19T17:19:36_4203262573.txt"
parallel,103.382,51,10000,1605233606,4203262573,"/home/scrayil/Desktop/dev/University/projects/PPFML/RandomMazeSolver/results/mazes/parallel_23-05-19T17:19:36_4203262573.txt"
sequential,10704.8,51,10000,1065117804,2688004859,"/home/scrayil/Desktop/dev/University/projects/PPFML/RandomMazeSolver/results/mazes/sequential_23-05-19T17:19:47_2688004859.txt"
parallel,1070.46,51,10000,1065117804,2688004859,"/home/scrayil/Desktop/dev/University/projects/PPFML/RandomMazeSolver/results/mazes/parallel_23-05-19T17:19:48_2688004859.txt"
sequential,31924.4,51,10000,551520387,2197235965,"/home/scrayil/Desktop/dev/University/projects/PPFML/RandomMazeSolver/results/mazes/sequential_23-05-19T17:20:20_2197235965.txt"
parallel,3195.77,51,10000,551520387,2197235965,"/home/scrayil/Desktop/dev/University/projects/PPFML/RandomMazeSolver/results/mazes/parallel_23-05-19T17:20:23_2197235965.txt"
sequential,9060.72,51,10000,1292998903,820953890,"/home/scrayil/Desktop/dev/University/projects/PPFML/RandomMazeSolver/results/mazes/sequential_23-05-19T17:20:32_820953890.txt"
parallel,880.639,51,10000,1292998903,820953890,"/home/scrayil/Desktop/dev/University/projects/PPFML/RandomMazeSolver/results/mazes/parallel_23-05-19T17:20:33_820953890.txt"
sequential,6976.44,51,10000,3327441830,459901583,"/home/scrayil/Desktop/dev/University/projects/PPFML/RandomMazeSolver/results/mazes/sequential_23-05-19T17:20:40_459901583.txt"
parallel,1572.92,51,10000,3327441830,459901583,"/home/scrayil/Desktop/dev/University/projects/PPFML/RandomMazeSolver/results/mazes/parallel_23-05-19T17:20:41_459901583.txt"
sequential,8175.08,51,10000,3750276487,2429318590,"/home/scrayil/Desktop/dev/University/projects/PPFML/RandomMazeSolver/results/mazes/sequential_23-05-19T17:20:50_2429318590.txt"
parallel,613.372,51,10000,3750276487,2429318590,"/home/scrayil/Desktop/dev/University/projects/PPFML/RandomMazeSolver/results/mazes/parallel_23-05-19T17:20:50_2429318590.txt"
sequential,4894.54,51,10000,3664297833,1440790147,"/home/scrayil/Desktop/dev/University/projects/PPFML/RandomMazeSolver/results/mazes/sequential_23-05-19T17:20:55_1440790147.txt"
parallel,866.626,51,10000,3664297833,1440790147,"/home/scrayil/Desktop/dev/University/projects/PPFML/RandomMazeSolver/results/mazes/parallel_23-05-19T17:20:56_1440790147.txt"
sequential,204.24,51,10000,2572183142,394372637,"/home/scrayil/Desktop/dev/University/projects/PPFML/RandomMazeSolver/results/mazes/sequential_23-05-19T17:20:56_394372637.txt"
parallel,42.773,51,10000,2572183142,394372637,"/home/scrayil/Desktop/dev/University/projects/PPFML/RandomMazeSolver/results/mazes/parallel_23-05-19T17:20:56_394372637.txt"
sequential,5155.15,51,10000,810088518,703223152,"/home/scrayil/Desktop/dev/University/projects/PPFML/RandomMazeSolver/results/mazes/sequential_23-05-19T17:21:01_703223152.txt"
parallel,615.811,51,10000,810088518,703223152,"/home/scrayil/Desktop/dev/University/projects/PPFML/RandomMazeSolver/results/mazes/parallel_23-05-19T17:21:02_703223152.txt"
sequential,13517,51,10000,1699413048,1506280190,"/home/scrayil/Desktop/dev/University/projects/PPFML/RandomMazeSolver/results/mazes/sequential_23-05-19T17:21:16_1506280190.txt"
parallel,1449.26,51,10000,1699413048,1506280190,"/home/scrayil/Desktop/dev/University/projects/PPFML/RandomMazeSolver/results/mazes/parallel_23-05-19T17:21:17_1506280190.txt"
sequential,20812.4,51,10000,1358380160,2714992283,"/home/scrayil/Desktop/dev/University/projects/PPFML/RandomMazeSolver/results/mazes/sequential_23-05-19T17:21:38_2714992283.txt"
parallel,2470.9,51,10000,1358380160,2714992283,"/home/scrayil/Desktop/dev/University/projects/PPFML/RandomMazeSolver/results/mazes/parallel_23-05-19T17:21:40_2714992283.txt"
sequential,306.225,51,10000,2141122821,900160812,"/home/scrayil/Desktop/dev/University/projects/PPFML/RandomMazeSolver/results/mazes/sequential_23-05-19T17:21:41_900160812.txt"
parallel,38.575,51,10000,2141122821,900160812,"/home/scrayil/Desktop/dev/University/projects/PPFML/RandomMazeSolver/results/mazes/parallel_23-05-19T17:21:41_900160812.txt"
sequential,22677.8,51,10000,2769176831,2782429555,"/home/scrayil/Desktop/dev/University/projects/PPFML/RandomMazeSolver/results/mazes/sequential_23-05-19T17:22:03_2782429555.txt"
parallel,1975.62,51,10000,2769176831,2782429555,"/home/scrayil/Desktop/dev/University/projects/PPFML/RandomMazeSolver/results/mazes/parallel_23-05-19T17:22:05_2782429555.txt"
sequential,5037.76,51,10000,896734340,3199903853,"/home/scrayil/Desktop/dev/University/projects/PPFML/RandomMazeSolver/results/mazes/sequential_23-05-19T17:22:10_3199903853.txt"
parallel,1026.37,51,10000,896734340,3199903853,"/home/scrayil/Desktop/dev/University/projects/PPFML/RandomMazeSolver/results/mazes/parallel_23-05-19T17:22:11_3199903853.txt"
sequential,1120.02,51,10000,3588442171,3460224465,"/home/scrayil/Desktop/dev/University/projects/PPFML/RandomMazeSolver/results/mazes/sequential_23-05-19T17:22:12_3460224465.txt"
parallel,202.29,51,10000,3588442171,3460224465,"/home/scrayil/Desktop/dev/University/projects/PPFML/RandomMazeSolver/results/mazes/parallel_23-05-19T17:22:13_3460224465.txt"
sequential,4467.12,51,10000,2439947668,1039513446,"/home/scrayil/Desktop/dev/University/projects/PPFML/RandomMazeSolver/results/mazes/sequential_23-05-19T17:22:17_1039513446.txt"
parallel,468.736,51,10000,2439947668,1039513446,"/home/scrayil/Desktop/dev/University/projects/PPFML/RandomMazeSolver/results/mazes/parallel_23-05-19T17:22:18_1039513446.txt"
sequential,11895.2,51,10000,1260390445,1329235800,"/home/scrayil/Desktop/dev/University/projects/PPFML/RandomMazeSolver/results/mazes/sequential_23-05-19T17:22:29_1329235800.txt"
parallel,1821.87,51,10000,1260390445,1329235800,"/home/scrayil/Desktop/dev/University/projects/PPFML/RandomMazeSolver/results/mazes/parallel_23-05-19T17:22:31_1329235800.txt"
sequential,24393.7,51,10000,3825776566,1538375192,"/home/scrayil/Desktop/dev/University/projects/PPFML/RandomMazeSolver/results/mazes/sequential_23-05-19T17:22:56_1538375192.txt"
parallel,2846.83,51,10000,3825776566,1538375192,"/home/scrayil/Desktop/dev/University/projects/PPFML/RandomMazeSolver/results/mazes/parallel_23-05-19T17:22:59_1538375192.txt"
sequential,1684.17,51,10000,1508921550,3156135964,"/home/scrayil/Desktop/dev/University/projects/PPFML/RandomMazeSolver/results/mazes/sequential_23-05-19T17:23:00_3156135964.txt"
parallel,201.015,51,10000,1508921550,3156135964,"/home/scrayil/Desktop/dev/University/projects/PPFML/RandomMazeSolver/results/mazes/parallel_23-05-19T17:23:00_3156135964.txt"
sequential,619.874,51,10000,1196972227,858546804,"/home/scrayil/Desktop/dev/University/projects/PPFML/RandomMazeSolver/results/mazes/sequential_23-05-19T17:23:01_858546804.txt"
parallel,93.727,51,10000,1196972227,858546804,"/home/scrayil/Desktop/dev/University/projects/PPFML/RandomMazeSolver/results/mazes/parallel_23-05-19T17:23:01_858546804.txt"
sequential,29153.7,51,10000,2324092220,1391339539,"/home/scrayil/Desktop/dev/University/projects/PPFML/RandomMazeSolver/results/mazes/sequential_23-05-19T17:23:30_1391339539.txt"
parallel,2676.43,51,10000,2324092220,1391339539,"/home/scrayil/Desktop/dev/University/projects/PPFML/RandomMazeSolver/results/mazes/parallel_23-05-19T17:23:33_1391339539.txt"
sequential,30263.7,51,10000,1413271005,2584357179,"/home/scrayil/Desktop/dev/University/projects/PPFML/RandomMazeSolver/results/mazes/sequential_23-05-19T17:24:03_2584357179.txt"
parallel,3348.77,51,10000,1413271005,2584357179,"/home/scrayil/Desktop/dev/University/projects/PPFML/RandomMazeSolver/results/mazes/parallel_23-05-19T17:24:07_2584357179.txt"
sequential,23.28,51,10000,1301328919,4022283833,"/home/scrayil/Desktop/dev/University/projects/PPFML/RandomMazeSolver/results/mazes/sequential_23-05-19T17:24:07_4022283833.txt"
parallel,16.981,51,10000,1301328919,4022283833,"/home/scrayil/Desktop/dev/University/projects/PPFML/RandomMazeSolver/results/mazes/parallel_23-05-19T17:24:07_4022283833.txt"
sequential,5111.93,51,10000,3224584112,3247311940,"/home/scrayil/Desktop/dev/University/projects/PPFML/RandomMazeSolver/results/mazes/sequential_23-05-19T17:24:12_3247311940.txt"
parallel,1113.82,51,10000,3224584112,3247311940,"/home/scrayil/Desktop/dev/University/projects/PPFML/RandomMazeSolver/results/mazes/parallel_23-05-19T17:24:13_3247311940.txt"
sequential,681.845,51,10000,317464636,3385785060,"/home/scrayil/Desktop/dev/University/projects/PPFML/RandomMazeSolver/results/mazes/sequential_23-05-19T17:24:14_3385785060.txt"
parallel,228.906,51,10000,317464636,3385785060,"/home/scrayil/Desktop/dev/University/projects/PPFML/RandomMazeSolver/results/mazes/parallel_23-05-19T17:24:14_3385785060.txt"
sequential,206.943,51,10000,3998251113,561211303,"/home/scrayil/Desktop/dev/University/projects/PPFML/RandomMazeSolver/results/mazes/sequential_23-05-19T17:24:14_561211303.txt"
parallel,79.833,51,10000,3998251113,561211303,"/home/scrayil/Desktop/dev/University/projects/PPFML/RandomMazeSolver/results/mazes/parallel_23-05-19T17:24:14_561211303.txt"
sequential,2381.45,51,10000,1820707328,3509174671,"/home/scrayil/Desktop/dev/University/projects/PPFML/RandomMazeSolver/results/mazes/sequential_23-05-19T17:24:16_3509174671.txt"
parallel,868.911,51,10000,1820707328,3509174671,"/home/scrayil/Desktop/dev/University/projects/PPFML/RandomMazeSolver/results/mazes/parallel_23-05-19T17:24:17_3509174671.txt"
sequential,601.829,51,10000,1149299718,1656501837,"/home/scrayil/Desktop/dev/University/projects/PPFML/RandomMazeSolver/results/mazes/sequential_23-05-19T17:24:18_1656501837.txt"
parallel,136.942,51,10000,1149299718,1656501837,"/home/scrayil/Desktop/dev/University/projects/PPFML/RandomMazeSolver/results/mazes/parallel_23-05-19T17:24:18_1656501837.txt"
sequential,4068.74,51,10000,1097656513,699912185,"/home/scrayil/Desktop/dev/University/projects/PPFML/RandomMazeSolver/results/mazes/sequential_23-05-19T17:24:22_699912185.txt"
parallel,935.664,51,10000,1097656513,699912185,"/home/scrayil/Desktop/dev/University/projects/PPFML/RandomMazeSolver/results/mazes/parallel_23-05-19T17:24:23_699912185.txt"
sequential,800.273,51,10000,2299150036,1491065,"/home/scrayil/Desktop/dev/University/projects/PPFML/RandomMazeSolver/results/mazes/sequential_23-05-19T17:24:24_1491065.txt"
parallel,255.131,51,10000,2299150036,1491065,"/home/scrayil/Desktop/dev/University/projects/PPFML/RandomMazeSolver/results/mazes/parallel_23-05-19T17:24:24_1491065.txt"
sequential,20528.5,51,10000,2986089436,2075840037,"/home/scrayil/Desktop/dev/University/projects/PPFML/RandomMazeSolver/results/mazes/sequential_23-05-19T17:24:45_2075840037.txt"
parallel,2305.09,51,10000,2986089436,2075840037,"/home/scrayil/Desktop/dev/University/projects/PPFML/RandomMazeSolver/results/mazes/parallel_23-05-19T17:24:47_2075840037.txt"
sequential,24500.4,51,10000,3500345927,1325547350,"/home/scrayil/Desktop/dev/University/projects/PPFML/RandomMazeSolver/results/mazes/sequential_23-05-19T17:25:11_1325547350.txt"
parallel,4159.64,51,10000,3500345927,1325547350,"/home/scrayil/Desktop/dev/University/projects/PPFML/RandomMazeSolver/results/mazes/parallel_23-05-19T17:25:16_1325547350.txt"
sequential,338.024,51,10000,2244171576,787728352,"/home/scrayil/Desktop/dev/University/projects/PPFML/RandomMazeSolver/results/mazes/sequential_23-05-19T17:25:16_787728352.txt"
parallel,99.263,51,10000,2244171576,787728352,"/home/scrayil/Desktop/dev/University/projects/PPFML/RandomMazeSolver/results/mazes/parallel_23-05-19T17:25:16_787728352.txt"
sequential,17090,51,10000,2849517420,2603260266,"/home/scrayil/Desktop/dev/University/projects/PPFML/RandomMazeSolver/results/mazes/sequential_23-05-19T17:25:33_2603260266.txt"
parallel,2967.69,51,10000,2849517420,2603260266,"/home/scrayil/Desktop/dev/University/projects/PPFML/RandomMazeSolver/results/mazes/parallel_23-05-19T17:25:36_2603260266.txt"
sequential,1976.29,51,10000,1068203630,2129782229,"/home/scrayil/Desktop/dev/University/projects/PPFML/RandomMazeSolver/results/mazes/sequential_23-05-19T17:25:38_2129782229.txt"
parallel,352.072,51,10000,1068203630,2129782229,"/home/scrayil/Desktop/dev/University/projects/PPFML/RandomMazeSolver/results/mazes/parallel_23-05-19T17:25:38_2129782229.txt"
sequential,112.5,51,10000,2359626929,3253656792,"/home/scrayil/Desktop/dev/University/projects/PPFML/RandomMazeSolver/results/mazes/sequential_23-05-19T17:25:39_3253656792.txt"
parallel,43.496,51,10000,2359626929,3253656792,"/home/scrayil/Desktop/dev/University/projects/PPFML/RandomMazeSolver/results/mazes/parallel_23-05-19T17:25:39_3253656792.txt"
sequential,8347.69,51,10000,2186020406,4109308916,"/home/scrayil/Desktop/dev/University/projects/PPFML/RandomMazeSolver/results/mazes/sequential_23-05-19T17:25:47_4109308916.txt"
parallel,1834.06,51,10000,2186020406,4109308916,"/home/scrayil/Desktop/dev/University/projects/PPFML/RandomMazeSolver/results/mazes/parallel_23-05-19T17:25:49_4109308916.txt"
sequential,19570.3,51,10000,303778528,2417284881,"/home/scrayil/Desktop/dev/University/projects/PPFML/RandomMazeSolver/results/mazes/sequential_23-05-19T17:26:08_2417284881.txt"
parallel,3431.42,51,10000,303778528,2417284881,"/home/scrayil/Desktop/dev/University/projects/PPFML/RandomMazeSolver/results/mazes/parallel_23-05-19T17:26:12_2417284881.txt"
sequential,15192.1,51,10000,3749557669,3600182592,"/home/scrayil/Desktop/dev/University/projects/PPFML/RandomMazeSolver/results/mazes/sequential_23-05-19T17:26:27_3600182592.txt"
parallel,2960.41,51,10000,3749557669,3600182592,"/home/scrayil/Desktop/dev/University/projects/PPFML/RandomMazeSolver/results/mazes/parallel_23-05-19T17:26:30_3600182592.txt"
sequential,228.922,51,10000,4153125349,2604393369,"/home/scrayil/Desktop/dev/University/projects/PPFML/RandomMazeSolver/results/mazes/sequential_23-05-19T17:26:30_2604393369.txt"
parallel,77.025,51,10000,4153125349,2604393369,"/home/scrayil/Desktop/dev/University/projects/PPFML/RandomMazeSolver/results/mazes/parallel_23-05-19T17:26:30_2604393369.txt"
sequential,9053.65,51,10000,3605212584,1289119323,"/home/scrayil/Desktop/dev/University/projects/PPFML/RandomMazeSolver/results/mazes/sequential_23-05-19T17:26:39_1289119323.txt"
parallel,1814.89,51,10000,3605212584,1289119323,"/home/scrayil/Desktop/dev/University/projects/PPFML/RandomMazeSolver/results/mazes/parallel_23-05-19T17:26:41_1289119323.txt"
sequential,1352.06,51,10000,1701754947,582765309,"/home/scrayil/Desktop/dev/University/projects/PPFML/RandomMazeSolver/results/mazes/sequential_23-05-19T17:26:42_582765309.txt"
parallel,363.851,51,10000,1701754947,582765309,"/home/scrayil/Desktop/dev/University/projects/PPFML/RandomMazeSolver/results/mazes/parallel_23-05-19T17:26:43_582765309.txt"
sequential,10465.7,51,10000,2266811116,1203174407,"/home/scrayil/Desktop/dev/University/projects/PPFML/RandomMazeSolver/results/mazes/sequential_23-05-19T17:26:53_1203174407.txt"
parallel,1730.64,51,10000,2266811116,1203174407,"/home/scrayil/Desktop/dev/University/projects/PPFML/RandomMazeSolver/results/mazes/parallel_23-05-19T17:26:55_1203174407.txt"
sequential,468.22,51,10000,3229841414,3165081337,"/home/scrayil/Desktop/dev/University/projects/PPFML/RandomMazeSolver/results/mazes/sequential_23-05-19T17:26:55_3165081337.txt"
parallel,110.648,51,10000,3229841414,3165081337,"/home/scrayil/Desktop/dev/University/projects/PPFML/RandomMazeSolver/results/mazes/parallel_23-05-19T17:26:56_3165081337.txt"
sequential,6931.36,51,10000,267482373,1690169612,"/home/scrayil/Desktop/dev/University/projects/PPFML/RandomMazeSolver/results/mazes/sequential_23-05-19T17:27:03_1690169612.txt"
parallel,1482.36,51,10000,267482373,1690169612,"/home/scrayil/Desktop/dev/University/projects/PPFML/RandomMazeSolver/results/mazes/parallel_23-05-19T17:27:04_1690169612.txt"
sequential,3385.08,51,10000,154773824,599371042,"/home/scrayil/Desktop/dev/University/projects/PPFML/RandomMazeSolver/results/mazes/sequential_23-05-19T17:27:07_599371042.txt"
parallel,566.777,51,10000,154773824,599371042,"/home/scrayil/Desktop/dev/University/projects/PPFML/RandomMazeSolver/results/mazes/parallel_23-05-19T17:27:08_599371042.txt"
sequential,9050.93,51,10000,90626677,3822791920,"/home/scrayil/Desktop/dev/University/projects/PPFML/RandomMazeSolver/results/mazes/sequential_23-05-19T17:27:17_3822791920.txt"
parallel,2838.28,51,10000,90626677,3822791920,"/home/scrayil/Desktop/dev/University/projects/PPFML/RandomMazeSolver/results/mazes/parallel_23-05-19T17:27:20_3822791920.txt"
sequential,5830.6,51,10000,3909072856,1203232135,"/home/scrayil/Desktop/dev/University/projects/PPFML/RandomMazeSolver/results/mazes/sequential_23-05-19T17:27:26_1203232135.txt"
parallel,1333.31,51,10000,3909072856,1203232135,"/home/scrayil/Desktop/dev/University/projects/PPFML/RandomMazeSolver/results/mazes/parallel_23-05-19T17:27:27_1203232135.txt"
sequential,1374.37,51,10000,3899444706,2065332084,"/home/scrayil/Desktop/dev/University/projects/PPFML/RandomMazeSolver/results/mazes/sequential_23-05-19T17:27:28_2065332084.txt"
parallel,356.607,51,10000,3899444706,2065332084,"/home/scrayil/Desktop/dev/University/projects/PPFML/RandomMazeSolver/results/mazes/parallel_23-05-19T17:27:29_2065332084.txt"
sequential,26851.3,101,10000,1440923849,3958298983,"/home/scrayil/Desktop/dev/University/projects/PPFML/RandomMazeSolver/results/mazes/sequential_23-05-19T17:29:22_3958298983.txt"
parallel,3148.84,101,10000,1440923849,3958298983,"/home/scrayil/Desktop/dev/University/projects/PPFML/RandomMazeSolver/results/mazes/parallel_23-05-19T17:29:25_3958298983.txt"
sequential,219434,101,10000,2116572070,3444972568,"/home/scrayil/Desktop/dev/University/projects/PPFML/RandomMazeSolver/results/mazes/sequential_23-05-19T17:33:05_3444972568.txt"
parallel,8406.02,101,10000,2116572070,3444972568,"/home/scrayil/Desktop/dev/University/projects/PPFML/RandomMazeSolver/results/mazes/parallel_23-05-19T17:33:13_3444972568.txt"
sequential,8216.14,101,10000,294610879,1095212617,"/home/scrayil/Desktop/dev/University/projects/PPFML/RandomMazeSolver/results/mazes/sequential_23-05-19T17:33:21_1095212617.txt"
parallel,1131.58,101,10000,294610879,1095212617,"/home/scrayil/Desktop/dev/University/projects/PPFML/RandomMazeSolver/results/mazes/parallel_23-05-19T17:33:22_1095212617.txt"
sequential,231502,101,10000,1927941475,4096658081,"/home/scrayil/Desktop/dev/University/projects/PPFML/RandomMazeSolver/results/mazes/sequential_23-05-19T17:37:14_4096658081.txt"
parallel,16631.3,101,10000,1927941475,4096658081,"/home/scrayil/Desktop/dev/University/projects/PPFML/RandomMazeSolver/results/mazes/parallel_23-05-19T17:37:30_4096658081.txt"
sequential,115577,101,10000,2286405126,1851062412,"/home/scrayil/Desktop/dev/University/projects/PPFML/RandomMazeSolver/results/mazes/sequential_23-05-19T17:39:26_1851062412.txt"
parallel,9346.56,101,10000,2286405126,1851062412,"/home/scrayil/Desktop/dev/University/projects/PPFML/RandomMazeSolver/results/mazes/parallel_23-05-19T17:39:35_1851062412.txt"
sequential,475459,101,10000,3537156095,1210451331,"/home/scrayil/Desktop/dev/University/projects/PPFML/RandomMazeSolver/results/mazes/sequential_23-05-19T17:47:31_1210451331.txt"
parallel,30388.5,101,10000,3537156095,1210451331,"/home/scrayil/Desktop/dev/University/projects/PPFML/RandomMazeSolver/results/mazes/parallel_23-05-19T17:48:01_1210451331.txt"
sequential,178753,101,10000,4041334577,1737178630,"/home/scrayil/Desktop/dev/University/projects/PPFML/RandomMazeSolver/results/mazes/sequential_23-05-19T17:51:00_1737178630.txt"
parallel,17862.7,101,10000,4041334577,1737178630,"/home/scrayil/Desktop/dev/University/projects/PPFML/RandomMazeSolver/results/mazes/parallel_23-05-19T17:51:18_1737178630.txt"
sequential,43363.4,101,10000,1578260161,2392670947,"/home/scrayil/Desktop/dev/University/projects/PPFML/RandomMazeSolver/results/mazes/sequential_23-05-19T17:52:01_2392670947.txt"
parallel,2664.77,101,10000,1578260161,2392670947,"/home/scrayil/Desktop/dev/University/projects/PPFML/RandomMazeSolver/results/mazes/parallel_23-05-19T17:52:04_2392670947.txt"
sequential,321575,101,10000,3537506440,3875157729,"/home/scrayil/Desktop/dev/University/projects/PPFML/RandomMazeSolver/results/mazes/sequential_23-05-19T17:57:25_3875157729.txt"
parallel,19722.1,101,10000,3537506440,3875157729,"/home/scrayil/Desktop/dev/University/projects/PPFML/RandomMazeSolver/results/mazes/parallel_23-05-19T17:57:45_3875157729.txt"
sequential,648722,101,10000,1785020622,2906272135,"/home/scrayil/Desktop/dev/University/projects/PPFML/RandomMazeSolver/results/mazes/sequential_23-05-19T18:08:34_2906272135.txt"
parallel,42098.2,101,10000,1785020622,2906272135,"/home/scrayil/Desktop/dev/University/projects/PPFML/RandomMazeSolver/results/mazes/parallel_23-05-19T18:09:16_2906272135.txt"
sequential,113263,101,10000,973678400,831276424,"/home/scrayil/Desktop/dev/University/projects/PPFML/RandomMazeSolver/results/mazes/sequential_23-05-19T18:11:09_831276424.txt"
parallel,25194.3,101,10000,973678400,831276424,"/home/scrayil/Desktop/dev/University/projects/PPFML/RandomMazeSolver/results/mazes/parallel_23-05-19T18:11:34_831276424.txt"
sequential,77753.5,101,10000,1527899695,3922498364,"/home/scrayil/Desktop/dev/University/projects/PPFML/RandomMazeSolver/results/mazes/sequential_23-05-19T18:12:52_3922498364.txt"
parallel,10760.2,101,10000,1527899695,3922498364,"/home/scrayil/Desktop/dev/University/projects/PPFML/RandomMazeSolver/results/mazes/parallel_23-05-19T18:13:03_3922498364.txt"
sequential,690767,101,10000,2756671864,87069299,"/home/scrayil/Desktop/dev/University/projects/PPFML/RandomMazeSolver/results/mazes/sequential_23-05-19T18:24:34_87069299.txt"
parallel,38277.9,101,10000,2756671864,87069299,"/home/scrayil/Desktop/dev/University/projects/PPFML/RandomMazeSolver/results/mazes/parallel_23-05-19T18:25:12_87069299.txt"
sequential,123276,101,10000,903897155,949808130,"/home/scrayil/Desktop/dev/University/projects/PPFML/RandomMazeSolver/results/mazes/sequential_23-05-19T19:00:48_949808130.txt"
parallel,8940.69,101,10000,903897155,949808130,"/home/scrayil/Desktop/dev/University/projects/PPFML/RandomMazeSolver/results/mazes/parallel_23-05-19T19:00:57_949808130.txt"
sequential,219201,101,10000,606902241,1766075849,"/home/scrayil/Desktop/dev/University/projects/PPFML/RandomMazeSolver/results/mazes/sequential_23-05-19T19:04:37_1766075849.txt"
parallel,10248,101,10000,606902241,1766075849,"/home/scrayil/Desktop/dev/University/projects/PPFML/RandomMazeSolver/results/mazes/parallel_23-05-19T19:04:47_1766075849.txt"
sequential,31646.7,101,10000,3802977673,1794601052,"/home/scrayil/Desktop/dev/University/projects/PPFML/RandomMazeSolver/results/mazes/sequential_23-05-19T19:05:19_1794601052.txt"
parallel,3150.17,101,10000,3802977673,1794601052,"/home/scrayil/Desktop/dev/University/projects/PPFML/RandomMazeSolver/results/mazes/parallel_23-05-19T19:05:22_1794601052.txt"
sequential,347000,101,10000,703864869,3404884128,"/home/scrayil/Desktop/dev/University/projects/PPFML/RandomMazeSolver/results/mazes/sequential_23-05-19T19:11:09_3404884128.txt"
parallel,11876.4,101,10000,703864869,3404884128,"/home/scrayil/Desktop/dev/University/projects/PPFML/RandomMazeSolver/results/mazes/parallel_23-05-19T19:11:21_3404884128.txt"
sequential,195599,101,10000,1075240969,3282041745,"/home/scrayil/Desktop/dev/University/projects/PPFML/RandomMazeSolver/results/mazes/sequential_23-05-19T19:14:36_3282041745.txt"
parallel,10210.1,101,10000,1075240969,3282041745,"/home/scrayil/Desktop/dev/University/projects/PPFML/RandomMazeSolver/results/mazes/parallel_23-05-19T19:14:46_3282041745.txt"
sequential,99300.1,101,10000,2990809596,2219380523,"/home/scrayil/Desktop/dev/University/projects/PPFML/RandomMazeSolver/results/mazes/sequential_23-05-19T19:16:26_2219380523.txt"
parallel,8040.14,101,10000,2990809596,2219380523,"/home/scrayil/Desktop/dev/University/projects/PPFML/RandomMazeSolver/results/mazes/parallel_23-05-19T19:16:34_2219380523.txt"
sequential,56236.2,101,10000,1147424099,3657559747,"/home/scrayil/Desktop/dev/University/projects/PPFML/RandomMazeSolver/results/mazes/sequential_23-05-19T19:17:30_3657559747.txt"
parallel,6298.74,101,10000,1147424099,3657559747,"/home/scrayil/Desktop/dev/University/projects/PPFML/RandomMazeSolver/results/mazes/parallel_23-05-19T19:17:36_3657559747.txt"
sequential,378658,101,10000,2561286350,660614192,"/home/scrayil/Desktop/dev/University/projects/PPFML/RandomMazeSolver/results/mazes/sequential_23-05-19T19:23:55_660614192.txt"
parallel,15454.2,101,10000,2561286350,660614192,"/home/scrayil/Desktop/dev/University/projects/PPFML/RandomMazeSolver/results/mazes/parallel_23-05-19T19:24:10_660614192.txt"
sequential,118350,101,10000,4160331609,2582456453,"/home/scrayil/Desktop/dev/University/projects/PPFML/RandomMazeSolver/results/mazes/sequential_23-05-19T19:26:09_2582456453.txt"
parallel,7014.75,101,10000,4160331609,2582456453,"/home/scrayil/Desktop/dev/University/projects/PPFML/RandomMazeSolver/results/mazes/parallel_23-05-19T19:26:16_2582456453.txt"
sequential,2675.2,101,10000,3395442751,1083146089,"/home/scrayil/Desktop/dev/University/projects/PPFML/RandomMazeSolver/results/mazes/sequential_23-05-19T19:26:18_1083146089.txt"
parallel,353.17,101,10000,3395442751,1083146089,"/home/scrayil/Desktop/dev/University/projects/PPFML/RandomMazeSolver/results/mazes/parallel_23-05-19T19:26:19_1083146089.txt"
sequential,25154.3,101,10000,3969951972,417822673,"/home/scrayil/Desktop/dev/University/projects/PPFML/RandomMazeSolver/results/mazes/sequential_23-05-19T19:26:44_417822673.txt"
parallel,2008.41,101,10000,3969951972,417822673,"/home/scrayil/Desktop/dev/University/projects/PPFML/RandomMazeSolver/results/mazes/parallel_23-05-19T19:26:46_417822673.txt"
sequential,213468,101,10000,2211968325,655747099,"/home/scrayil/Desktop/dev/University/projects/PPFML/RandomMazeSolver/results/mazes/sequential_23-05-19T19:30:19_655747099.txt"
parallel,14792.2,101,10000,2211968325,655747099,"/home/scrayil/Desktop/dev/University/projects/PPFML/RandomMazeSolver/results/mazes/parallel_23-05-19T19:30:34_655747099.txt"
sequential,396.729,101,10000,439106093,710792920,"/home/scrayil/Desktop/dev/University/projects/PPFML/RandomMazeSolver/results/mazes/sequential_23-05-19T19:30:35_710792920.txt"
parallel,70.571,101,10000,439106093,710792920,"/home/scrayil/Desktop/dev/University/projects/PPFML/RandomMazeSolver/results/mazes/parallel_23-05-19T19:30:35_710792920.txt"
sequential,217140,101,10000,1860931692,2011169712,"/home/scrayil/Desktop/dev/University/projects/PPFML/RandomMazeSolver/results/mazes/sequential_23-05-19T19:34:12_2011169712.txt"
parallel,15843.2,101,10000,1860931692,2011169712,"/home/scrayil/Desktop/dev/University/projects/PPFML/RandomMazeSolver/results/mazes/parallel_23-05-19T19:34:28_2011169712.txt"
sequential,359126,101,10000,251362999,531133459,"/home/scrayil/Desktop/dev/University/projects/PPFML/RandomMazeSolver/results/mazes/sequential_23-05-19T19:40:27_531133459.txt"
parallel,17355,101,10000,251362999,531133459,"/home/scrayil/Desktop/dev/University/projects/PPFML/RandomMazeSolver/results/mazes/parallel_23-05-19T19:40:44_531133459.txt"
sequential,47080.8,101,10000,380579698,4266672143,"/home/scrayil/Desktop/dev/University/projects/PPFML/RandomMazeSolver/results/mazes/sequential_23-05-19T19:41:31_4266672143.txt"
parallel,3219.67,101,10000,380579698,4266672143,"/home/scrayil/Desktop/dev/University/projects/PPFML/RandomMazeSolver/results/mazes/parallel_23-05-19T19:41:34_4266672143.txt"
sequential,386844,101,10000,380963621,1289234576,"/home/scrayil/Desktop/dev/University/projects/PPFML/RandomMazeSolver/results/mazes/sequential_23-05-19T19:48:01_1289234576.txt"
parallel,21069.2,101,10000,380963621,1289234576,"/home/scrayil/Desktop/dev/University/projects/PPFML/RandomMazeSolver/results/mazes/parallel_23-05-19T19:48:22_1289234576.txt"
sequential,231675,101,10000,2869076467,1470845161,"/home/scrayil/Desktop/dev/University/projects/PPFML/RandomMazeSolver/results/mazes/sequential_23-05-19T19:52:14_1470845161.txt"
parallel,19976.5,101,10000,2869076467,1470845161,"/home/scrayil/Desktop/dev/University/projects/PPFML/RandomMazeSolver/results/mazes/parallel_23-05-19T19:52:34_1470845161.txt"
sequential,463970,101,10000,1812230789,466493659,"/home/scrayil/Desktop/dev/University/projects/PPFML/RandomMazeSolver/results/mazes/sequential_23-05-19T20:00:18_466493659.txt"
parallel,22777.9,101,10000,1812230789,466493659,"/home/scrayil/Desktop/dev/University/projects/PPFML/RandomMazeSolver/results/mazes/parallel_23-05-19T20:00:41_466493659.txt"
sequential,141741,101,10000,3997848966,2803756359,"/home/scrayil/Desktop/dev/University/projects/PPFML/RandomMazeSolver/results/mazes/sequential_23-05-19T20:03:02_2803756359.txt"
parallel,8000.95,101,10000,3997848966,2803756359,"/home/scrayil/Desktop/dev/University/projects/PPFML/RandomMazeSolver/results/mazes/parallel_23-05-19T20:03:10_2803756359.txt"
sequential,751396,101,10000,1824625146,1374798213,"/home/scrayil/Desktop/dev/University/projects/PPFML/RandomMazeSolver/results/mazes/sequential_23-05-19T20:19:36_1374798213.txt"
parallel,35445.7,101,10000,1824625146,1374798213,"/home/scrayil/Desktop/dev/University/projects/PPFML/RandomMazeSolver/results/mazes/parallel_23-05-19T20:20:12_1374798213.txt"
sequential,417554,101,10000,2195598898,2872519839,"/home/scrayil/Desktop/dev/University/projects/PPFML/RandomMazeSolver/results/mazes/sequential_23-05-19T20:27:09_2872519839.txt"
parallel,37901.8,101,10000,2195598898,2872519839,"/home/scrayil/Desktop/dev/University/projects/PPFML/RandomMazeSolver/results/mazes/parallel_23-05-19T20:27:47_2872519839.txt"
sequential,165520,101,10000,3635754233,2949104292,"/home/scrayil/Desktop/dev/University/projects/PPFML/RandomMazeSolver/results/mazes/sequential_23-05-19T20:30:33_2949104292.txt"
parallel,7036.24,101,10000,3635754233,2949104292,"/home/scrayil/Desktop/dev/University/projects/PPFML/RandomMazeSolver/results/mazes/parallel_23-05-19T20:30:40_2949104292.txt"
sequential,64027.3,101,10000,2902720650,4111402618,"/home/scrayil/Desktop/dev/University/projects/PPFML/RandomMazeSolver/results/mazes/sequential_23-05-19T20:31:44_4111402618.txt"
parallel,4828.44,101,10000,2902720650,4111402618,"/home/scrayil/Desktop/dev/University/projects/PPFML/RandomMazeSolver/results/mazes/parallel_23-05-19T20:31:48_4111402618.txt"
sequential,390287,101,10000,2772564207,1304699276,"/home/scrayil/Desktop/dev/University/projects/PPFML/RandomMazeSolver/results/mazes/sequential_23-05-19T20:38:19_1304699276.txt"
parallel,20890.9,101,10000,2772564207,1304699276,"/home/scrayil/Desktop/dev/University/projects/PPFML/RandomMazeSolver/results/mazes/parallel_23-05-19T20:38:40_1304699276.txt"
sequential,80543.9,101,10000,2419222677,3945001985,"/home/scrayil/Desktop/dev/University/projects/PPFML/RandomMazeSolver/results/mazes/sequential_23-05-19T20:40:00_3945001985.txt"
parallel,5533.87,101,10000,2419222677,3945001985,"/home/scrayil/Desktop/dev/University/projects/PPFML/RandomMazeSolver/results/mazes/parallel_23-05-19T20:40:06_3945001985.txt"
sequential,275225,101,10000,2007644351,3480651804,"/home/scrayil/Desktop/dev/University/projects/PPFML/RandomMazeSolver/results/mazes/sequential_23-05-19T20:44:41_3480651804.txt"
parallel,27138.4,101,10000,2007644351,3480651804,"/home/scrayil/Desktop/dev/University/projects/PPFML/RandomMazeSolver/results/mazes/parallel_23-05-19T20:45:08_3480651804.txt"
sequential,140833,101,10000,1198550337,314071193,"/home/scrayil/Desktop/dev/University/projects/PPFML/RandomMazeSolver/results/mazes/sequential_23-05-19T20:47:29_314071193.txt"
parallel,11162.8,101,10000,1198550337,314071193,"/home/scrayil/Desktop/dev/University/projects/PPFML/RandomMazeSolver/results/mazes/parallel_23-05-19T20:47:40_314071193.txt"
sequential,124415,101,10000,1154125017,3167531256,"/home/scrayil/Desktop/dev/University/projects/PPFML/RandomMazeSolver/results/mazes/sequential_23-05-19T20:49:44_3167531256.txt"
parallel,9021.84,101,10000,1154125017,3167531256,"/home/scrayil/Desktop/dev/University/projects/PPFML/RandomMazeSolver/results/mazes/parallel_23-05-19T20:49:53_3167531256.txt"
sequential,10725.4,101,10000,3830872007,3219954834,"/home/scrayil/Desktop/dev/University/projects/PPFML/RandomMazeSolver/results/mazes/sequential_23-05-19T20:50:04_3219954834.txt"
parallel,1778.4,101,10000,3830872007,3219954834,"/home/scrayil/Desktop/dev/University/projects/PPFML/RandomMazeSolver/results/mazes/parallel_23-05-19T20:50:06_3219954834.txt"
sequential,701111,101,10000,309513647,4205223807,"/home/scrayil/Desktop/dev/University/projects/PPFML/RandomMazeSolver/results/mazes/sequential_23-05-19T21:01:47_4205223807.txt"
parallel,36132.7,101,10000,309513647,4205223807,"/home/scrayil/Desktop/dev/University/projects/PPFML/RandomMazeSolver/results/mazes/parallel_23-05-19T21:02:23_4205223807.txt"
sequential,186860,101,10000,738402145,4102516,"/home/scrayil/Desktop/dev/University/projects/PPFML/RandomMazeSolver/results/mazes/sequential_23-05-19T21:05:30_4102516.txt"
parallel,9520.26,101,10000,738402145,4102516,"/home/scrayil/Desktop/dev/University/projects/PPFML/RandomMazeSolver/results/mazes/parallel_23-05-19T21:05:40_4102516.txt"
sequential,166677,101,10000,2028424284,2205235188,"/home/scrayil/Desktop/dev/University/projects/PPFML/RandomMazeSolver/results/mazes/sequential_23-05-19T21:08:26_2205235188.txt"
parallel,6914.89,101,10000,2028424284,2205235188,"/home/scrayil/Desktop/dev/University/projects/PPFML/RandomMazeSolver/results/mazes/parallel_23-05-19T21:08:33_2205235188.txt"
sequential,333530,101,10000,338058885,812493301,"/home/scrayil/Desktop/dev/University/projects/PPFML/RandomMazeSolver/results/mazes/sequential_23-05-19T21:14:07_812493301.txt"
parallel,14936.7,101,10000,338058885,812493301,"/home/scrayil/Desktop/dev/University/projects/PPFML/RandomMazeSolver/results/mazes/parallel_23-05-19T21:14:22_812493301.txt"
sequential,292898,101,10000,2101928733,3054164446,"/home/scrayil/Desktop/dev/University/projects/PPFML/RandomMazeSolver/results/mazes/sequential_23-05-19T21:19:15_3054164446.txt"
parallel,18456,101,10000,2101928733,3054164446,"/home/scrayil/Desktop/dev/University/projects/PPFML/RandomMazeSolver/results/mazes/parallel_23-05-19T21:19:33_3054164446.txt"
sequential,24369.1,101,10000,3328578757,3743428696,"/home/scrayil/Desktop/dev/University/projects/PPFML/RandomMazeSolver/results/mazes/sequential_23-05-19T21:19:57_3743428696.txt"
parallel,2424.51,101,10000,3328578757,3743428696,"/home/scrayil/Desktop/dev/University/projects/PPFML/RandomMazeSolver/results/mazes/parallel_23-05-19T21:20:00_3743428696.txt"
sequential,392738,101,10000,3476299991,967038520,"/home/scrayil/Desktop/dev/University/projects/PPFML/RandomMazeSolver/results/mazes/sequential_23-05-19T21:26:33_967038520.txt"
parallel,20328,101,10000,3476299991,967038520,"/home/scrayil/Desktop/dev/University/projects/PPFML/RandomMazeSolver/results/mazes/parallel_23-05-19T21:26:53_967038520.txt"
sequential,20104.7,51,100000,2779869178,1270852693,"/home/scrayil/Desktop/dev/University/projects/PPFML/RandomMazeSolver/results/mazes/sequential_23-05-19T21:46:48_1270852693.txt"
parallel,2561.42,51,100000,2779869178,1270852693,"/home/scrayil/Desktop/dev/University/projects/PPFML/RandomMazeSolver/results/mazes/parallel_23-05-19T21:46:51_1270852693.txt"
sequential,4723.08,51,100000,1396709613,1015112766,"/home/scrayil/Desktop/dev/University/projects/PPFML/RandomMazeSolver/results/mazes/sequential_23-05-19T21:46:56_1015112766.txt"
parallel,575.452,51,100000,1396709613,1015112766,"/home/scrayil/Desktop/dev/University/projects/PPFML/RandomMazeSolver/results/mazes/parallel_23-05-19T21:46:56_1015112766.txt"
sequential,121859,51,100000,1595524287,2237237938,"/home/scrayil/Desktop/dev/University/projects/PPFML/RandomMazeSolver/results/mazes/sequential_23-05-19T21:48:58_2237237938.txt"
parallel,12154.2,51,100000,1595524287,2237237938,"/home/scrayil/Desktop/dev/University/projects/PPFML/RandomMazeSolver/results/mazes/parallel_23-05-19T21:49:10_2237237938.txt"
sequential,197037,51,100000,1171817755,509097335,"/home/scrayil/Desktop/dev/University/projects/PPFML/RandomMazeSolver/results/mazes/sequential_23-05-19T21:52:27_509097335.txt"
parallel,14834.6,51,100000,1171817755,509097335,"/home/scrayil/Desktop/dev/University/projects/PPFML/RandomMazeSolver/results/mazes/parallel_23-05-19T21:52:42_509097335.txt"
sequential,67029.8,51,100000,2032003202,308331383,"/home/scrayil/Desktop/dev/University/projects/PPFML/RandomMazeSolver/results/mazes/sequential_23-05-19T21:53:49_308331383.txt"
parallel,6366.31,51,100000,2032003202,308331383,"/home/scrayil/Desktop/dev/University/projects/PPFML/RandomMazeSolver/results/mazes/parallel_23-05-19T21:53:55_308331383.txt"
sequential,7488.38,51,100000,516802182,2831508437,"/home/scrayil/Desktop/dev/University/projects/PPFML/RandomMazeSolver/results/mazes/sequential_23-05-19T21:54:03_2831508437.txt"
parallel,791.301,51,100000,516802182,2831508437,"/home/scrayil/Desktop/dev/University/projects/PPFML/RandomMazeSolver/results/mazes/parallel_23-05-19T21:54:04_2831508437.txt"
sequential,23750.2,51,100000,1351791842,1955359594,"/home/scrayil/Desktop/dev/University/projects/PPFML/RandomMazeSolver/results/mazes/sequential_23-05-19T21:54:27_1955359594.txt"
parallel,2711.95,51,100000,1351791842,1955359594,"/home/scrayil/Desktop/dev/University/projects/PPFML/RandomMazeSolver/results/mazes/parallel_23-05-19T21:54:30_1955359594.txt"
sequential,179928,51,100000,3272026099,1102114599,"/home/scrayil/Desktop/dev/University/projects/PPFML/RandomMazeSolver/results/mazes/sequential_23-05-19T21:57:30_1102114599.txt"
parallel,17012.6,51,100000,3272026099,1102114599,"/home/scrayil/Desktop/dev/University/projects/PPFML/RandomMazeSolver/results/mazes/parallel_23-05-19T21:57:47_1102114599.txt"
sequential,25023.4,51,100000,788471748,3999923877,"/home/scrayil/Desktop/dev/University/projects/PPFML/RandomMazeSolver/results/mazes/sequential_23-05-19T21:58:12_3999923877.txt"
parallel,2486.26,51,100000,788471748,3999923877,"/home/scrayil/Desktop/dev/University/projects/PPFML/RandomMazeSolver/results/mazes/parallel_23-05-19T21:58:15_3999923877.txt"
sequential,119605,51,100000,1812994516,3823581303,"/home/scrayil/Desktop/dev/University/projects/PPFML/RandomMazeSolver/results/mazes/sequential_23-05-19T22:00:14_3823581303.txt"
parallel,6818.69,51,100000,1812994516,3823581303,"/home/scrayil/Desktop/dev/University/projects/PPFML/RandomMazeSolver/results/mazes/parallel_23-05-19T22:00:21_3823581303.txt"
sequential,99095,51,100000,2991176629,1094448534,"/home/scrayil/Desktop/dev/University/projects/PPFML/RandomMazeSolver/results/mazes/sequential_23-05-19T22:02:00_1094448534.txt"
parallel,10271.5,51,100000,2991176629,1094448534,"/home/scrayil/Desktop/dev/University/projects/PPFML/RandomMazeSolver/results/mazes/parallel_23-05-19T22:02:10_1094448534.txt"
sequential,143647,51,100000,905011468,4098808962,"/home/scrayil/Desktop/dev/University/projects/PPFML/RandomMazeSolver/results/mazes/sequential_23-05-19T22:04:34_4098808962.txt"
parallel,9840.66,51,100000,905011468,4098808962,"/home/scrayil/Desktop/dev/University/projects/PPFML/RandomMazeSolver/results/mazes/parallel_23-05-19T22:04:44_4098808962.txt"
sequential,17672.5,51,100000,3841734071,828366792,"/home/scrayil/Desktop/dev/University/projects/PPFML/RandomMazeSolver/results/mazes/sequential_23-05-19T22:05:02_828366792.txt"
parallel,1556.52,51,100000,3841734071,828366792,"/home/scrayil/Desktop/dev/University/projects/PPFML/RandomMazeSolver/results/mazes/parallel_23-05-19T22:05:03_828366792.txt"
sequential,1121.2,51,100000,3228617486,3916238992,"/home/scrayil/Desktop/dev/University/projects/PPFML/RandomMazeSolver/results/mazes/sequential_23-05-19T22:05:04_3916238992.txt"
parallel,173.275,51,100000,3228617486,3916238992,"/home/scrayil/Desktop/dev/University/projects/PPFML/RandomMazeSolver/results/mazes/parallel_23-05-19T22:05:04_3916238992.txt"
sequential,39600.7,51,100000,984096705,2238132754,"/home/scrayil/Desktop/dev/University/projects/PPFML/RandomMazeSolver/results/mazes/sequential_23-05-19T22:05:44_2238132754.txt"
parallel,4780.78,51,100000,984096705,2238132754,"/home/scrayil/Desktop/dev/University/projects/PPFML/RandomMazeSolver/results/mazes/parallel_23-05-19T22:05:49_2238132754.txt"
sequential,122596,51,100000,1290528346,122388635,"/home/scrayil/Desktop/dev/University/projects/PPFML/RandomMazeSolver/results/mazes/sequential_23-05-19T22:07:51_122388635.txt"
parallel,7088.28,51,100000,1290528346,122388635,"/home/scrayil/Desktop/dev/University/projects/PPFML/RandomMazeSolver/results/mazes/parallel_23-05-19T22:07:58_122388635.txt"
sequential,88732,51,100000,138053687,4040296002,"/home/scrayil/Desktop/dev/University/projects/PPFML/RandomMazeSolver/results/mazes/sequential_23-05-19T22:09:27_4040296002.txt"
parallel,5570.75,51,100000,138053687,4040296002,"/home/scrayil/Desktop/dev/University/projects/PPFML/RandomMazeSolver/results/mazes/parallel_23-05-19T22:09:33_4040296002.txt"
sequential,65757,51,100000,3695490494,473560911,"/home/scrayil/Desktop/dev/University/projects/PPFML/RandomMazeSolver/results/mazes/sequential_23-05-19T22:10:39_473560911.txt"
parallel,4317.65,51,100000,3695490494,473560911,"/home/scrayil/Desktop/dev/University/projects/PPFML/RandomMazeSolver/results/mazes/parallel_23-05-19T22:10:43_473560911.txt"
sequential,16786.5,51,100000,1558659630,972124897,"/home/scrayil/Desktop/dev/University/projects/PPFML/RandomMazeSolver/results/mazes/sequential_23-05-19T22:11:00_972124897.txt"
parallel,1659.72,51,100000,1558659630,972124897,"/home/scrayil/Desktop/dev/University/projects/PPFML/RandomMazeSolver/results/mazes/parallel_23-05-19T22:11:01_972124897.txt"
sequential,179939,51,100000,3091180586,3081959205,"/home/scrayil/Desktop/dev/University/projects/PPFML/RandomMazeSolver/results/mazes/sequential_23-05-19T22:14:01_3081959205.txt"
parallel,14568.9,51,100000,3091180586,3081959205,"/home/scrayil/Desktop/dev/University/projects/PPFML/RandomMazeSolver/results/mazes/parallel_23-05-19T22:14:16_3081959205.txt"
sequential,152164,51,100000,3539242057,1299026090,"/home/scrayil/Desktop/dev/University/projects/PPFML/RandomMazeSolver/results/mazes/sequential_23-05-19T22:16:48_1299026090.txt"
parallel,7633.02,51,100000,3539242057,1299026090,"/home/scrayil/Desktop/dev/University/projects/PPFML/RandomMazeSolver/results/mazes/parallel_23-05-19T22:16:56_1299026090.txt"
sequential,96684.4,51,100000,2012181124,1113677537,"/home/scrayil/Desktop/dev/University/projects/PPFML/RandomMazeSolver/results/mazes/sequential_23-05-19T22:18:32_1113677537.txt"
parallel,6850.87,51,100000,2012181124,1113677537,"/home/scrayil/Desktop/dev/University/projects/PPFML/RandomMazeSolver/results/mazes/parallel_23-05-19T22:18:39_1113677537.txt"
sequential,133424,51,100000,1202379185,2125796054,"/home/scrayil/Desktop/dev/University/projects/PPFML/RandomMazeSolver/results/mazes/sequential_23-05-19T22:20:53_2125796054.txt"
parallel,8372.99,51,100000,1202379185,2125796054,"/home/scrayil/Desktop/dev/University/projects/PPFML/RandomMazeSolver/results/mazes/parallel_23-05-19T22:21:01_2125796054.txt"
sequential,150754,51,100000,2959067148,3470103332,"/home/scrayil/Desktop/dev/University/projects/PPFML/RandomMazeSolver/results/mazes/sequential_23-05-19T22:23:32_3470103332.txt"
parallel,11595.9,51,100000,2959067148,3470103332,"/home/scrayil/Desktop/dev/University/projects/PPFML/RandomMazeSolver/results/mazes/parallel_23-05-19T22:23:43_3470103332.txt"
sequential,112403,51,100000,4261604860,3560787252,"/home/scrayil/Desktop/dev/University/projects/PPFML/RandomMazeSolver/results/mazes/sequential_23-05-19T22:25:36_3560787252.txt"
parallel,11968.9,51,100000,4261604860,3560787252,"/home/scrayil/Desktop/dev/University/projects/PPFML/RandomMazeSolver/results/mazes/parallel_23-05-19T22:25:48_3560787252.txt"
sequential,51699.2,51,100000,685987202,766106884,"/home/scrayil/Desktop/dev/University/projects/PPFML/RandomMazeSolver/results/mazes/sequential_23-05-19T22:26:39_766106884.txt"
parallel,4602.92,51,100000,685987202,766106884,"/home/scrayil/Desktop/dev/University/projects/PPFML/RandomMazeSolver/results/mazes/parallel_23-05-19T22:26:44_766106884.txt"
sequential,180815,51,100000,1601509121,919098843,"/home/scrayil/Desktop/dev/University/projects/PPFML/RandomMazeSolver/results/mazes/sequential_23-05-19T22:29:45_919098843.txt"
parallel,16002.9,51,100000,1601509121,919098843,"/home/scrayil/Desktop/dev/University/projects/PPFML/RandomMazeSolver/results/mazes/parallel_23-05-19T22:30:01_919098843.txt"
sequential,39375,51,100000,3593629755,3990290184,"/home/scrayil/Desktop/dev/University/projects/PPFML/RandomMazeSolver/results/mazes/sequential_23-05-19T22:30:40_3990290184.txt"
parallel,4355.13,51,100000,3593629755,3990290184,"/home/scrayil/Desktop/dev/University/projects/PPFML/RandomMazeSolver/results/mazes/parallel_23-05-19T22:30:45_3990290184.txt"
sequential,63809.4,51,100000,1366650092,238084362,"/home/scrayil/Desktop/dev/University/projects/PPFML/RandomMazeSolver/results/mazes/sequential_23-05-19T22:31:48_238084362.txt"
parallel,5754.11,51,100000,1366650092,238084362,"/home/scrayil/Desktop/dev/University/projects/PPFML/RandomMazeSolver/results/mazes/parallel_23-05-19T22:31:54_238084362.txt"
sequential,92682.1,51,100000,2646763310,2533617637,"/home/scrayil/Desktop/dev/University/projects/PPFML/RandomMazeSolver/results/mazes/sequential_23-05-19T22:33:27_2533617637.txt"
parallel,8920.4,51,100000,2646763310,2533617637,"/home/scrayil/Desktop/dev/University/projects/PPFML/RandomMazeSolver/results/mazes/parallel_23-05-19T22:33:36_2533617637.txt"
sequential,7109.3,51,100000,1469373322,889933353,"/home/scrayil/Desktop/dev/University/projects/PPFML/RandomMazeSolver/results/mazes/sequential_23-05-19T22:33:43_889933353.txt"
parallel,929.932,51,100000,1469373322,889933353,"/home/scrayil/Desktop/dev/University/projects/PPFML/RandomMazeSolver/results/mazes/parallel_23-05-19T22:33:44_889933353.txt"
sequential,3136.88,51,100000,4038930201,2600482789,"/home/scrayil/Desktop/dev/University/projects/PPFML/RandomMazeSolver/results/mazes/sequential_23-05-19T22:33:47_2600482789.txt"
parallel,339.273,51,100000,4038930201,2600482789,"/home/scrayil/Desktop/dev/University/projects/PPFML/RandomMazeSolver/results/mazes/parallel_23-05-19T22:33:47_2600482789.txt"
sequential,8933.72,51,100000,2012947400,2414849384,"/home/scrayil/Desktop/dev/University/projects/PPFML/RandomMazeSolver/results/mazes/sequential_23-05-19T22:33:56_2414849384.txt"
parallel,870.638,51,100000,2012947400,2414849384,"/home/scrayil/Desktop/dev/University/projects/PPFML/RandomMazeSolver/results/mazes/parallel_23-05-19T22:33:57_2414849384.txt"
sequential,187034,51,100000,1330770766,1132135906,"/home/scrayil/Desktop/dev/University/projects/PPFML/RandomMazeSolver/results/mazes/sequential_23-05-19T22:37:04_1132135906.txt"
parallel,20047.4,51,100000,1330770766,1132135906,"/home/scrayil/Desktop/dev/University/projects/PPFML/RandomMazeSolver/results/mazes/parallel_23-05-19T22:37:24_1132135906.txt"
sequential,266167,51,100000,3713030549,1060756420,"/home/scrayil/Desktop/dev/University/projects/PPFML/RandomMazeSolver/results/mazes/sequential_23-05-19T22:41:50_1060756420.txt"
parallel,14345.9,51,100000,3713030549,1060756420,"/home/scrayil/Desktop/dev/University/projects/PPFML/RandomMazeSolver/results/mazes/parallel_23-05-19T22:42:05_1060756420.txt"
sequential,50889.7,51,100000,87437634,2258367213,"/home/scrayil/Desktop/dev/University/projects/PPFML/RandomMazeSolver/results/mazes/sequential_23-05-19T22:42:55_2258367213.txt"
parallel,4334.69,51,100000,87437634,2258367213,"/home/scrayil/Desktop/dev/University/projects/PPFML/RandomMazeSolver/results/mazes/parallel_23-05-19T22:43:00_2258367213.txt"
sequential,22037.1,51,100000,603250597,548001931,"/home/scrayil/Desktop/dev/University/projects/PPFML/RandomMazeSolver/results/mazes/sequential_23-05-19T22:43:22_548001931.txt"
parallel,2352.43,51,100000,603250597,548001931,"/home/scrayil/Desktop/dev/University/projects/PPFML/RandomMazeSolver/results/mazes/parallel_23-05-19T22:43:24_548001931.txt"
sequential,17205.1,51,100000,3011512024,1865794392,"/home/scrayil/Desktop/dev/University/projects/PPFML/RandomMazeSolver/results/mazes/sequential_23-05-19T22:43:41_1865794392.txt"
parallel,1290.02,51,100000,3011512024,1865794392,"/home/scrayil/Desktop/dev/University/projects/PPFML/RandomMazeSolver/results/mazes/parallel_23-05-19T22:43:43_1865794392.txt"
sequential,4389.55,51,100000,4260348431,2539984926,"/home/scrayil/Desktop/dev/University/projects/PPFML/RandomMazeSolver/results/mazes/sequential_23-05-19T22:43:47_2539984926.txt"
parallel,531.115,51,100000,4260348431,2539984926,"/home/scrayil/Desktop/dev/University/projects/PPFML/RandomMazeSolver/results/mazes/parallel_23-05-19T22:43:48_2539984926.txt"
sequential,177306,51,100000,1812908766,1774858978,"/home/scrayil/Desktop/dev/University/projects/PPFML/RandomMazeSolver/results/mazes/sequential_23-05-19T22:46:45_1774858978.txt"
parallel,11441.1,51,100000,1812908766,1774858978,"/home/scrayil/Desktop/dev/University/projects/PPFML/RandomMazeSolver/results/mazes/parallel_23-05-19T22:46:56_1774858978.txt"
sequential,36982,51,100000,3924408532,3432815749,"/home/scrayil/Desktop/dev/University/projects/PPFML/RandomMazeSolver/results/mazes/sequential_23-05-19T22:47:33_3432815749.txt"
parallel,3593.26,51,100000,3924408532,3432815749,"/home/scrayil/Desktop/dev/University/projects/PPFML/RandomMazeSolver/results/mazes/parallel_23-05-19T22:47:37_3432815749.txt"
sequential,7235.49,51,100000,3916610770,1325407221,"/home/scrayil/Desktop/dev/University/projects/PPFML/RandomMazeSolver/results/mazes/sequential_23-05-19T22:47:44_1325407221.txt"
parallel,796.696,51,100000,3916610770,1325407221,"/home/scrayil/Desktop/dev/University/projects/PPFML/RandomMazeSolver/results/mazes/parallel_23-05-19T22:47:45_1325407221.txt"
sequential,10520.3,51,100000,493772063,1716166971,"/home/scrayil/Desktop/dev/University/projects/PPFML/RandomMazeSolver/results/mazes/sequential_23-05-19T22:47:56_1716166971.txt"
parallel,1155.03,51,100000,493772063,1716166971,"/home/scrayil/Desktop/dev/University/projects/PPFML/RandomMazeSolver/results/mazes/parallel_23-05-19T22:47:57_1716166971.txt"
sequential,146352,51,100000,396024778,4205018678,"/home/scrayil/Desktop/dev/University/projects/PPFML/RandomMazeSolver/results/mazes/sequential_23-05-19T22:50:23_4205018678.txt"
parallel,13777.8,51,100000,396024778,4205018678,"/home/scrayil/Desktop/dev/University/projects/PPFML/RandomMazeSolver/results/mazes/parallel_23-05-19T22:50:37_4205018678.txt"
sequential,40003.8,51,100000,3563704624,2877265073,"/home/scrayil/Desktop/dev/University/projects/PPFML/RandomMazeSolver/results/mazes/sequential_23-05-19T22:51:17_2877265073.txt"
parallel,3589.8,51,100000,3563704624,2877265073,"/home/scrayil/Desktop/dev/University/projects/PPFML/RandomMazeSolver/results/mazes/parallel_23-05-19T22:51:20_2877265073.txt"
sequential,164335,51,100000,3243083974,1585764429,"/home/scrayil/Desktop/dev/University/projects/PPFML/RandomMazeSolver/results/mazes/sequential_23-05-19T22:54:05_1585764429.txt"
parallel,12094,51,100000,3243083974,1585764429,"/home/scrayil/Desktop/dev/University/projects/PPFML/RandomMazeSolver/results/mazes/parallel_23-05-19T22:54:17_1585764429.txt"
sequential,11833.5,51,100000,1759964675,2814878916,"/home/scrayil/Desktop/dev/University/projects/PPFML/RandomMazeSolver/results/mazes/sequential_23-05-19T22:54:29_2814878916.txt"
parallel,1071.34,51,100000,1759964675,2814878916,"/home/scrayil/Desktop/dev/University/projects/PPFML/RandomMazeSolver/results/mazes/parallel_23-05-19T22:54:30_2814878916.txt"
sequential,169919,51,100000,3054041003,1867915088,"/home/scrayil/Desktop/dev/University/projects/PPFML/RandomMazeSolver/results/mazes/sequential_23-05-19T22:57:20_1867915088.txt"
parallel,11990.4,51,100000,3054041003,1867915088,"/home/scrayil/Desktop/dev/University/projects/PPFML/RandomMazeSolver/results/mazes/parallel_23-05-19T22:57:32_1867915088.txt"
sequential,225519,51,100000,2167277333,3972801942,"/home/scrayil/Desktop/dev/University/projects/PPFML/RandomMazeSolver/results/mazes/sequential_23-05-19T23:01:17_3972801942.txt"
parallel,21630.5,51,100000,2167277333,3972801942,"/home/scrayil/Desktop/dev/University/projects/PPFML/RandomMazeSolver/results/mazes/parallel_23-05-19T23:01:39_3972801942.txt"
sequential,192136,51,100000,3032933774,618809889,"/home/scrayil/Desktop/dev/University/projects/PPFML/RandomMazeSolver/results/mazes/sequential_23-05-19T23:04:51_618809889.txt"
parallel,10524.8,51,100000,3032933774,618809889,"/home/scrayil/Desktop/dev/University/projects/PPFML/RandomMazeSolver/results/mazes/parallel_23-05-19T23:05:01_618809889.txt"
sequential,1.13442e+06,51,1000000,3254222039,633399129,"/home/scrayil/Desktop/dev/University/projects/PPFML/RandomMazeSolver/results/mazes/sequential_23-05-19T23:30:37_633399129.txt"
parallel,166048,51,1000000,3254222039,633399129,"/home/scrayil/Desktop/dev/University/projects/PPFML/RandomMazeSolver/results/mazes/parallel_23-05-19T23:33:23_633399129.txt"
sequential,1.34719e+06,51,1000000,3801674449,434392470,"/home/scrayil/Desktop/dev/University/projects/PPFML/RandomMazeSolver/results/mazes/sequential_23-05-19T23:55:50_434392470.txt"
parallel,161422,51,1000000,3801674449,434392470,"/home/scrayil/Desktop/dev/University/projects/PPFML/RandomMazeSolver/results/mazes/parallel_23-05-19T23:58:32_434392470.txt"
sequential,140361,51,1000000,3894495426,2781868654,"/home/scrayil/Desktop/dev/University/projects/PPFML/RandomMazeSolver/results/mazes/sequential_23-05-20T00:00:52_2781868654.txt"
parallel,18247.3,51,1000000,3894495426,2781868654,"/home/scrayil/Desktop/dev/University/projects/PPFML/RandomMazeSolver/results/mazes/parallel_23-05-20T00:01:10_2781868654.txt"
sequential,42304.6,51,1000000,669985054,1793196480,"/home/scrayil/Desktop/dev/University/projects/PPFML/RandomMazeSolver/results/mazes/sequential_23-05-20T00:01:52_1793196480.txt"
parallel,5147.28,51,1000000,669985054,1793196480,"/home/scrayil/Desktop/dev/University/projects/PPFML/RandomMazeSolver/results/mazes/parallel_23-05-20T00:01:58_1793196480.txt"
sequential,26570.2,51,1000000,2647759378,3035904367,"/home/scrayil/Desktop/dev/University/projects/PPFML/RandomMazeSolver/results/mazes/sequential_23-05-20T00:02:24_3035904367.txt"
parallel,4794.57,51,1000000,2647759378,3035904367,"/home/scrayil/Desktop/dev/University/projects/PPFML/RandomMazeSolver/results/mazes/parallel_23-05-20T00:02:29_3035904367.txt"
sequential,1.51988e+06,51,1000000,3963570676,2175079830,"/home/scrayil/Desktop/dev/University/projects/PPFML/RandomMazeSolver/results/mazes/sequential_23-05-20T00:27:49_2175079830.txt"
parallel,217438,51,1000000,3963570676,2175079830,"/home/scrayil/Desktop/dev/University/projects/PPFML/RandomMazeSolver/results/mazes/parallel_23-05-20T00:31:26_2175079830.txt"
sequential,192829,51,1000000,2170143744,1567305636,"/home/scrayil/Desktop/dev/University/projects/PPFML/RandomMazeSolver/results/mazes/sequential_23-05-20T00:34:39_1567305636.txt"
parallel,21763.1,51,1000000,2170143744,1567305636,"/home/scrayil/Desktop/dev/University/projects/PPFML/RandomMazeSolver/results/mazes/parallel_23-05-20T00:35:01_1567305636.txt"
sequential,2.61278e+06,51,1000000,2285316093,2523118096,"/home/scrayil/Desktop/dev/University/projects/PPFML/RandomMazeSolver/results/mazes/sequential_23-05-20T01:18:34_2523118096.txt"
parallel,266798,51,1000000,2285316093,2523118096,"/home/scrayil/Desktop/dev/University/projects/PPFML/RandomMazeSolver/results/mazes/parallel_23-05-20T01:23:00_2523118096.txt"
sequential,323709,51,1000000,4158022843,206373933,"/home/scrayil/Desktop/dev/University/projects/PPFML/RandomMazeSolver/results/mazes/sequential_23-05-20T01:28:24_206373933.txt"
parallel,34995,51,1000000,4158022843,206373933,"/home/scrayil/Desktop/dev/University/projects/PPFML/RandomMazeSolver/results/mazes/parallel_23-05-20T01:28:59_206373933.txt"
sequential,1.75184e+06,51,1000000,1849438161,738073504,"/home/scrayil/Desktop/dev/University/projects/PPFML/RandomMazeSolver/results/mazes/sequential_23-05-20T01:58:11_738073504.txt"
parallel,220044,51,1000000,1849438161,738073504,"/home/scrayil/Desktop/dev/University/projects/PPFML/RandomMazeSolver/results/mazes/parallel_23-05-20T02:01:51_738073504.txt"
sequential,866163,51,1000000,2998716236,1086099712,"/home/scrayil/Desktop/dev/University/projects/PPFML/RandomMazeSolver/results/mazes/sequential_23-05-20T02:16:17_1086099712.txt"
parallel,142143,51,1000000,2998716236,1086099712,"/home/scrayil/Desktop/dev/University/projects/PPFML/RandomMazeSolver/results/mazes/parallel_23-05-20T02:18:39_1086099712.txt"
sequential,2.79354e+06,51,1000000,3662243171,589582328,"/home/scrayil/Desktop/dev/University/projects/PPFML/RandomMazeSolver/results/mazes/sequential_23-05-20T03:05:13_589582328.txt"
parallel,277714,51,1000000,3662243171,589582328,"/home/scrayil/Desktop/dev/University/projects/PPFML/RandomMazeSolver/results/mazes/parallel_23-05-20T03:09:51_589582328.txt"
sequential,2.07518e+06,51,1000000,470202462,2168792137,"/home/scrayil/Desktop/dev/University/projects/PPFML/RandomMazeSolver/results/mazes/sequential_23-05-20T03:44:26_2168792137.txt"
parallel,292727,51,1000000,470202462,2168792137,"/home/scrayil/Desktop/dev/University/projects/PPFML/RandomMazeSolver/results/mazes/parallel_23-05-20T03:49:19_2168792137.txt"
sequential,1.50407e+06,51,1000000,2751165932,3731370724,"/home/scrayil/Desktop/dev/University/projects/PPFML/RandomMazeSolver/results/mazes/sequential_23-05-20T04:14:23_3731370724.txt"
parallel,168125,51,1000000,2751165932,3731370724,"/home/scrayil/Desktop/dev/University/projects/PPFML/RandomMazeSolver/results/mazes/parallel_23-05-20T04:17:11_3731370724.txt"
sequential,338984,51,1000000,3727765188,929401619,"/home/scrayil/Desktop/dev/University/projects/PPFML/RandomMazeSolver/results/mazes/sequential_23-05-20T04:22:50_929401619.txt"
parallel,36951.5,51,1000000,3727765188,929401619,"/home/scrayil/Desktop/dev/University/projects/PPFML/RandomMazeSolver/results/mazes/parallel_23-05-20T04:23:27_929401619.txt"
sequential,149786,51,1000000,730260465,1480111949,"/home/scrayil/Desktop/dev/University/projects/PPFML/RandomMazeSolver/results/mazes/sequential_23-05-20T04:25:56_1480111949.txt"
parallel,27919.8,51,1000000,730260465,1480111949,"/home/scrayil/Desktop/dev/University/projects/PPFML/RandomMazeSolver/results/mazes/parallel_23-05-20T04:26:24_1480111949.txt"
sequential,1.81175e+06,51,1000000,3041312564,3776551416,"/home/scrayil/Desktop/dev/University/projects/PPFML/RandomMazeSolver/results/mazes/sequential_23-05-20T04:56:36_3776551416.txt"
parallel,209825,51,1000000,3041312564,3776551416,"/home/scrayil/Desktop/dev/University/projects/PPFML/RandomMazeSolver/results/mazes/parallel_23-05-20T05:00:06_3776551416.txt"
sequential,626682,51,1000000,1632038509,4232941429,"/home/scrayil/Desktop/dev/University/projects/PPFML/RandomMazeSolver/results/mazes/sequential_23-05-20T05:10:33_4232941429.txt"
parallel,62868.6,51,1000000,1632038509,4232941429,"/home/scrayil/Desktop/dev/University/projects/PPFML/RandomMazeSolver/results/mazes/parallel_23-05-20T05:11:35_4232941429.txt"
sequential,1.65372e+06,51,1000000,3438500560,3523890654,"/home/scrayil/Desktop/dev/University/projects/PPFML/RandomMazeSolver/results/mazes/sequential_23-05-20T05:39:09_3523890654.txt"
parallel,201837,51,1000000,3438500560,3523890654,"/home/scrayil/Desktop/dev/University/projects/PPFML/RandomMazeSolver/results/mazes/parallel_23-05-20T05:42:31_3523890654.txt"
sequential,1.69008e+06,51,1000000,2740701580,2281850438,"/home/scrayil/Desktop/dev/University/projects/PPFML/RandomMazeSolver/results/mazes/sequential_23-05-20T06:10:41_2281850438.txt"
parallel,177709,51,1000000,2740701580,2281850438,"/home/scrayil/Desktop/dev/University/projects/PPFML/RandomMazeSolver/results/mazes/parallel_23-05-20T06:13:39_2281850438.txt"
sequential,938127,51,1000000,2490362193,4080763400,"/home/scrayil/Desktop/dev/University/projects/PPFML/RandomMazeSolver/results/mazes/sequential_23-05-20T06:29:17_4080763400.txt"
parallel,82535.6,51,1000000,2490362193,4080763400,"/home/scrayil/Desktop/dev/University/projects/PPFML/RandomMazeSolver/results/mazes/parallel_23-05-20T06:30:39_4080763400.txt"
sequential,1.47435e+06,51,1000000,1544091076,3456463899,"/home/scrayil/Desktop/dev/University/projects/PPFML/RandomMazeSolver/results/mazes/sequential_23-05-20T06:55:14_3456463899.txt"
parallel,212535,51,1000000,1544091076,3456463899,"/home/scrayil/Desktop/dev/University/projects/PPFML/RandomMazeSolver/results/mazes/parallel_23-05-20T06:58:46_3456463899.txt"
sequential,642044,51,1000000,3348623111,1633399972,"/home/scrayil/Desktop/dev/University/projects/PPFML/RandomMazeSolver/results/mazes/sequential_23-05-20T07:09:28_1633399972.txt"
parallel,80588.5,51,1000000,3348623111,1633399972,"/home/scrayil/Desktop/dev/University/projects/PPFML/RandomMazeSolver/results/mazes/parallel_23-05-20T07:10:49_1633399972.txt"
sequential,322536,51,1000000,1199858289,187513087,"/home/scrayil/Desktop/dev/University/projects/PPFML/RandomMazeSolver/results/mazes/sequential_23-05-20T07:16:12_187513087.txt"
parallel,41005.5,51,1000000,1199858289,187513087,"/home/scrayil/Desktop/dev/University/projects/PPFML/RandomMazeSolver/results/mazes/parallel_23-05-20T07:16:53_187513087.txt"
sequential,2.35542e+06,51,1000000,106299600,167553548,"/home/scrayil/Desktop/dev/University/projects/PPFML/RandomMazeSolver/results/mazes/sequential_23-05-20T07:56:08_167553548.txt"
parallel,376033,51,1000000,106299600,167553548,"/home/scrayil/Desktop/dev/University/projects/PPFML/RandomMazeSolver/results/mazes/parallel_23-05-20T08:02:24_167553548.txt"
sequential,345930,51,1000000,3714812930,2846392939,"/home/scrayil/Desktop/dev/University/projects/PPFML/RandomMazeSolver/results/mazes/sequential_23-05-20T13:56:01_2846392939.txt"
parallel,33821.4,51,1000000,3714812930,2846392939,"/home/scrayil/Desktop/dev/University/projects/PPFML/RandomMazeSolver/results/mazes/parallel_23-05-20T13:56:35_2846392939.txt"
sequential,119835,51,1000000,3986379076,892945284,"/home/scrayil/Desktop/dev/University/projects/PPFML/RandomMazeSolver/results/mazes/sequential_23-05-20T13:58:35_892945284.txt"
parallel,15275.8,51,1000000,3986379076,892945284,"/home/scrayil/Desktop/dev/University/projects/PPFML/RandomMazeSolver/results/mazes/parallel_23-05-20T13:58:50_892945284.txt"
sequential,2.53566e+06,51,1000000,2907733662,3214821270,"/home/scrayil/Desktop/dev/University/projects/PPFML/RandomMazeSolver/results/mazes/sequential_23-05-20T14:41:06_3214821270.txt"
parallel,355110,51,1000000,2907733662,3214821270,"/home/scrayil/Desktop/dev/University/projects/PPFML/RandomMazeSolver/results/mazes/parallel_23-05-20T14:47:01_3214821270.txt"
sequential,696981,51,1000000,531559369,2103898695,"/home/scrayil/Desktop/dev/University/projects/PPFML/RandomMazeSolver/results/mazes/sequential_23-05-20T14:58:38_2103898695.txt"
parallel,73483.5,51,1000000,531559369,2103898695,"/home/scrayil/Desktop/dev/University/projects/PPFML/RandomMazeSolver/results/mazes/parallel_23-05-20T14:59:51_2103898695.txt"
sequential,452234,51,1000000,4070725484,121801152,"/home/scrayil/Desktop/dev/University/projects/PPFML/RandomMazeSolver/results/mazes/sequential_23-05-20T15:07:24_121801152.txt"
parallel,46461.6,51,1000000,4070725484,121801152,"/home/scrayil/Desktop/dev/University/projects/PPFML/RandomMazeSolver/results/mazes/parallel_23-05-20T15:08:10_121801152.txt"
sequential,700713,51,1000000,222531739,4084614975,"/home/scrayil/Desktop/dev/University/projects/PPFML/RandomMazeSolver/results/mazes/sequential_23-05-20T15:19:51_4084614975.txt"
parallel,89734.8,51,1000000,222531739,4084614975,"/home/scrayil/Desktop/dev/University/projects/PPFML/RandomMazeSolver/results/mazes/parallel_23-05-20T15:21:21_4084614975.txt"
sequential,951848,51,1000000,1674475476,3323388072,"/home/scrayil/Desktop/dev/University/projects/PPFML/RandomMazeSolver/results/mazes/sequential_23-05-20T15:37:12_3323388072.txt"
parallel,89642.7,51,1000000,1674475476,3323388072,"/home/scrayil/Desktop/dev/University/projects/PPFML/RandomMazeSolver/results/mazes/parallel_23-05-20T15:38:42_3323388072.txt"
sequential,26975.1,51,1000000,3546857611,2528646884,"/home/scrayil/Desktop/dev/University/projects/PPFML/RandomMazeSolver/results/mazes/sequential_23-05-20T15:39:09_2528646884.txt"
parallel,5167.04,51,1000000,3546857611,2528646884,"/home/scrayil/Desktop/dev/University/projects/PPFML/RandomMazeSolver/results/mazes/parallel_23-05-20T15:39:14_2528646884.txt"
sequential,12900.8,51,1000000,3655564261,3450484444,"/home/scrayil/Desktop/dev/University/projects/PPFML/RandomMazeSolver/results/mazes/sequential_23-05-20T15:39:27_3450484444.txt"
parallel,2794.87,51,1000000,3655564261,3450484444,"/home/scrayil/Desktop/dev/University/projects/PPFML/RandomMazeSolver/results/mazes/parallel_23-05-20T15:39:30_3450484444.txt"
sequential,26969.5,51,1000000,521696404,1721839269,"/home/scrayil/Desktop/dev/University/projects/PPFML/RandomMazeSolver/results/mazes/sequential_23-05-20T15:39:57_1721839269.txt"
parallel,4211.54,51,1000000,521696404,1721839269,"/home/scrayil/Desktop/dev/University/projects/PPFML/RandomMazeSolver/results/mazes/parallel_23-05-20T15:40:01_1721839269.txt"
sequential,1.33063e+06,51,1000000,2100073461,1235667351,"/home/scrayil/Desktop/dev/University/projects/PPFML/RandomMazeSolver/results/mazes/sequential_23-05-20T16:02:12_1235667351.txt"
parallel,194804,51,1000000,2100073461,1235667351,"/home/scrayil/Desktop/dev/University/projects/PPFML/RandomMazeSolver/results/mazes/parallel_23-05-20T16:05:26_1235667351.txt"
sequential,1.1022e+06,51,1000000,2112435775,326562778,"/home/scrayil/Desktop/dev/University/projects/PPFML/RandomMazeSolver/results/mazes/sequential_23-05-20T16:23:49_326562778.txt"
parallel,94597.3,51,1000000,2112435775,326562778,"/home/scrayil/Desktop/dev/University/projects/PPFML/RandomMazeSolver/results/mazes/parallel_23-05-20T16:25:23_326562778.txt"
sequential,29830,51,1000000,2112192322,3067601617,"/home/scrayil/Desktop/dev/University/projects/PPFML/RandomMazeSolver/results/mazes/sequential_23-05-20T16:25:53_3067601617.txt"
parallel,6894.35,51,1000000,2112192322,3067601617,"/home/scrayil/Desktop/dev/University/projects/PPFML/RandomMazeSolver/results/mazes/parallel_23-05-20T16:26:00_3067601617.txt"
sequential,559965,51,1000000,118703018,727466153,"/home/scrayil/Desktop/dev/University/projects/PPFML/RandomMazeSolver/results/mazes/sequential_23-05-20T16:35:20_727466153.txt"
parallel,62333.1,51,1000000,118703018,727466153,"/home/scrayil/Desktop/dev/University/projects/PPFML/RandomMazeSolver/results/mazes/parallel_23-05-20T16:36:22_727466153.txt"
sequential,178708,51,1000000,2343987330,3045784274,"/home/scrayil/Desktop/dev/University/projects/PPFML/RandomMazeSolver/results/mazes/sequential_23-05-20T16:39:21_3045784274.txt"
parallel,21928.5,51,1000000,2343987330,3045784274,"/home/scrayil/Desktop/dev/University/projects/PPFML/RandomMazeSolver/results/mazes/parallel_23-05-20T16:39:43_3045784274.txt"
sequential,139183,51,1000000,3915840604,1416428908,"/home/scrayil/Desktop/dev/University/projects/PPFML/RandomMazeSolver/results/mazes/sequential_23-05-20T16:42:02_1416428908.txt"
parallel,23128.5,51,1000000,3915840604,1416428908,"/home/scrayil/Desktop/dev/University/projects/PPFML/RandomMazeSolver/results/mazes/parallel_23-05-20T16:42:25_1416428908.txt"
sequential,1.76169e+06,51,1000000,1168872328,1027874812,"/home/scrayil/Desktop/dev/University/projects/PPFML/RandomMazeSolver/results/mazes/sequential_23-05-20T17:11:47_1027874812.txt"
parallel,178187,51,1000000,1168872328,1027874812,"/home/scrayil/Desktop/dev/University/projects/PPFML/RandomMazeSolver/results/mazes/parallel_23-05-20T17:14:45_1027874812.txt"
sequential,755311,51,1000000,3766554806,1887788867,"/home/scrayil/Desktop/dev/University/projects/PPFML/RandomMazeSolver/results/mazes/sequential_23-05-20T17:27:20_1887788867.txt"
parallel,103630,51,1000000,3766554806,1887788867,"/home/scrayil/Desktop/dev/University/projects/PPFML/RandomMazeSolver/results/mazes/parallel_23-05-20T17:29:04_1887788867.txt"
sequential,1.29102e+06,51,1000000,2125584124,370221888,"/home/scrayil/Desktop/dev/University/projects/PPFML/RandomMazeSolver/results/mazes/sequential_23-05-20T17:50:35_370221888.txt"
parallel,168005,51,1000000,2125584124,370221888,"/home/scrayil/Desktop/dev/University/projects/PPFML/RandomMazeSolver/results/mazes/parallel_23-05-20T17:53:23_370221888.txt"
sequential,13064.4,51,1000000,941610436,3148061635,"/home/scrayil/Desktop/dev/University/projects/PPFML/RandomMazeSolver/results/mazes/sequential_23-05-20T17:53:36_3148061635.txt"
parallel,2760.45,51,1000000,941610436,3148061635,"/home/scrayil/Desktop/dev/University/projects/PPFML/RandomMazeSolver/results/mazes/parallel_23-05-20T17:53:39_3148061635.txt"
sequential,827628,51,1000000,3515669048,3214149727,"/home/scrayil/Desktop/dev/University/projects/PPFML/RandomMazeSolver/results/mazes/sequential_23-05-20T18:07:27_3214149727.txt"
parallel,68772.4,51,1000000,3515669048,3214149727,"/home/scrayil/Desktop/dev/University/projects/PPFML/RandomMazeSolver/results/mazes/parallel_23-05-20T18:08:35_3214149727.txt"
sequential,792760,51,1000000,3994629530,1526333786,"/home/scrayil/Desktop/dev/University/projects/PPFML/RandomMazeSolver/results/mazes/sequential_23-05-20T18:21:48_1526333786.txt"
parallel,102016,51,1000000,3994629530,1526333786,"/home/scrayil/Desktop/dev/University/projects/PPFML/RandomMazeSolver/results/mazes/parallel_23-05-20T18:23:30_1526333786.txt"
sequential,536110,51,1000000,1376012919,1553083010,"/home/scrayil/Desktop/dev/University/projects/PPFML/RandomMazeSolver/results/mazes/sequential_23-05-20T18:32:26_1553083010.txt"
parallel,89836.4,51,1000000,1376012919,1553083010,"/home/scrayil/Desktop/dev/University/projects/PPFML/RandomMazeSolver/results/mazes/parallel_23-05-20T18:33:56_1553083010.txt"
sequential,288430,51,1000000,2724409966,2611169211,"/home/scrayil/Desktop/dev/University/projects/PPFML/RandomMazeSolver/results/mazes/sequential_23-05-20T18:38:44_2611169211.txt"
parallel,37774,51,1000000,2724409966,2611169211,"/home/scrayil/Desktop/dev/University/projects/PPFML/RandomMazeSolver/results/mazes/parallel_23-05-20T18:39:22_2611169211.txt"
sequential,2.18496e+06,51,1000000,3014344326,1734962871,"/home/scrayil/Desktop/dev/University/projects/PPFML/RandomMazeSolver/results/mazes/sequential_23-05-20T19:15:47_1734962871.txt"
parallel,260995,51,1000000,3014344326,1734962871,"/home/scrayil/Desktop/dev/University/projects/PPFML/RandomMazeSolver/results/mazes/parallel_23-05-20T19:20:08_1734962871.txt"